Tempo (s),Corrente (A)
0.0007035732269287109,-2e-06
0.2881815433502197,2e-06
0.5473566055297852,5e-06
