Tempo (s),Corrente (A),Tensão Fonte (V)
0.0005898475646972656,8.34e-07,10
0.1681203842163086,1.04e-07,20
0.3494277000427246,3.03e-07,5
