Tempo (s),Corrente (A),Tensão Fonte (V)
0.0007357597351074219,3e-06,10
0.2618591785430908,-1e-06,20
0.5223159790039062,5e-06,5
