Tempo (s),Corrente (mA),Tensão Fonte (V)
0.0005512237548828125,0.00011,10
0.16800165176391602,-0.000234,20
0.348369836807251,-1e-05,5
