Tensao_Fonte_V,Corrente_Multimetro_A,Tensao_Multimetro_V
10.00,0.000060,9.986200
10.00,0.000190,9.986300
10.00,0.000100,9.986300
