Tempo (s),Corrente (A),Tensão Fonte (V)
0.0006668567657470703,1.5e-06,10
0.2680399417877197,1.64e-06,20
0.5282425880432129,1.74e-06,5
