Tensão_V,Corrente_Multimetro_A
10.000,0.000020
11.000,0.000080
12.000,-0.000000
13.000,0.000020
14.000,0.000090
