Tensao_Fonte_V,Tensao_Multimetro_V
10.00,9.986000
10.00,9.986400
10.00,9.986300
