Tempo_s,Tensao_Fonte_V,Tensao_Multimetro_V
0.00,10.000,10.033000
0.10,20.000,19.974000
0.20,5.000,4.977000
